Current Colors,omnia-32x.png,aap-64-32x.png,cartoon-candy-32x.png,minimax-32-32x.png,coldwood8-32x.png,2bit-demichrome-32x.png,survival-kids-gbc-42-32x.png
NA,#ab5645,#e9b5a3,#8dc156,#a8c4af,#614363,#555568,#ffc060
NA,#000000,#060608,#ff99a9,#65ef42,#372e4d,#211e20,#ffb020
NA,#ae437d,#f5a097,#e89e56,#34ddda,NA,#000001,#ff3838
NA,#b4313d,#f9a31b,#f18b69,#f9a135,NA,NA,#e028b8
NA,#9fa0c8,#e86a73,#ff8741,#eb822b,NA,NA,#c09048
NA,#857995,#fa6a0a,#aa8c94,#b6683c,NA,NA,#d05000
NA,#ffeaae,#cdf7e2,#60a8b0,#7781ff,NA,NA,#000000
NA,#75dbd1,#d6f264,#c766b2,#698e86,NA,NA,#a0e800
NA,#645f71,#dae0ea,#ae5b39,#697d8e,NA,NA,#b0b0b0
NA,#1e0e2e,#c7b08b,#6e516a,#2c9cd5,NA,NA,#b8a8a8
NA,#7f4236,#dba463,#4a7a47,#118c60,NA,NA,#a0a868
NA,#711d43,#df3e23,#495588,#e33d98,NA,NA,#a89860
NA,#44a830,#a6fcdb,#2d4443,#e53a4a,NA,NA,#b06010
NA,#453654,#b9bffb,#d04153,#b02b36,NA,NA,#a80010
NA,#472c26,#b3b9d1,#833a95,#9822a8,NA,NA,#98d8d8
NA,#338cca,#a08662,#662d39,#8f1157,NA,NA,#80b8f8
NA,#2c549e,#fffc40,#3b2c4a,#494fe1,NA,NA,#98b0a8
NA,#222b5f,#bb7547,#17111a,#8a3e1b,NA,NA,#886078
NA,#1f7f51,#bc4a9b,NA,#491816,NA,NA,#906058
NA,#1a4f61,#b4202a,NA,#325555,NA,NA,#985828
NA,NA,#92dcba,NA,#38435f,NA,NA,#f8ff50
NA,NA,#9cdb43,NA,#213fbe,NA,NA,#70c0ff
NA,NA,#849be4,NA,#162527,NA,NA,#608830
NA,NA,#8b93af,NA,#262245,NA,NA,#606860
NA,NA,#8e5252,NA,#0d2487,NA,NA,#686020
NA,NA,#fef3c0,NA,#130e26,NA,NA,#785838
NA,NA,#6d758d,NA,NA,NA,NA,#680070
NA,NA,#796755,NA,NA,NA,NA,#589098
NA,NA,#71413b,NA,NA,NA,NA,#4078d8
NA,NA,#793a80,NA,NA,NA,NA,#505050
NA,NA,#73172d,NA,NA,NA,NA,#485808
NA,NA,#59c135,NA,NA,NA,NA,#483848
NA,NA,#5daf8d,NA,NA,NA,NA,#503000
NA,NA,#588dbe,NA,NA,NA,NA,#28a050
NA,NA,#477d85,NA,NA,NA,NA,#208800
NA,NA,#4a5462,NA,NA,NA,NA,#203868
NA,NA,#5a4e44,NA,NA,NA,NA,#383848
NA,NA,#403353,NA,NA,NA,NA,#106838
NA,NA,#ba756a,NA,NA,NA,NA,#0048b0
NA,NA,#422433,NA,NA,NA,NA,#183828
NA,NA,#20d6c7,NA,NA,NA,NA,NA
NA,NA,#249fde,NA,NA,NA,NA,NA
NA,NA,#328464,NA,NA,NA,NA,NA
NA,NA,#23674e,NA,NA,NA,NA,NA
NA,NA,#285cc4,NA,NA,NA,NA,NA
NA,NA,#24523b,NA,NA,NA,NA,NA
NA,NA,#333941,NA,NA,NA,NA,NA
NA,NA,#ffffff,NA,NA,NA,NA,NA
NA,NA,#3b1725,NA,NA,NA,NA,NA
NA,NA,#221c1a,NA,NA,NA,NA,NA
NA,NA,#14a02e,NA,NA,NA,NA,NA
NA,NA,#1a7a3e,NA,NA,NA,NA,NA
NA,NA,#143464,NA,NA,NA,NA,NA
NA,NA,#122020,NA,NA,NA,NA,NA
NA,NA,#141013,NA,NA,NA,NA,NA
NA,NA,#000000,NA,NA,NA,NA,NA
NA,NA,NA,NA,NA,NA,NA,NA
